,t,Upper_CI,Confidence_level,median,Lower_CI
0,0.0,11.057047843151407,80%,10.437154114540348,9.977681415482376
1,0.0,11.475545953489766,90%,10.437154114540348,9.529166550164268
2,0.0,11.88034754244764,99%,10.437154114540348,9.418761346858616
3,0.101010101010101,11.253538336977938,80%,10.636716750517849,10.178873199362924
4,0.101010101010101,11.66763560795152,90%,10.636716750517849,9.742081021479612
5,0.101010101010101,12.07094131406924,99%,10.636716750517849,9.644342498301606
6,0.202020202020202,11.454525650781097,80%,10.840124236332327,10.384564393982904
7,0.202020202020202,11.859510238064104,90%,10.840124236332327,9.94800906579339
8,0.202020202020202,12.25286714743866,99%,10.840124236332327,9.874975030690855
9,0.303030303030303,11.657080266521374,80%,11.047961039418755,10.593350265325077
10,0.303030303030303,12.055486110315147,90%,11.047961039418755,10.15832337792423
11,0.303030303030303,12.437755291605775,99%,11.047961039418755,10.100411037500898
12,0.404040404040404,11.863402648346174,80%,11.258743758035964,10.80822473746365
13,0.404040404040404,12.256223513288717,90%,11.258743758035964,10.375641209231782
14,0.404040404040404,12.63744511054922,99%,11.258743758035964,10.310743268217838
15,0.5050505050505051,12.072756935724255,80%,11.474847604760424,11.02668701928092
16,0.5050505050505051,12.46051017243426,90%,11.474847604760424,10.594681400643651
17,0.5050505050505051,12.840341007775203,99%,11.474847604760424,10.52998122618935
18,0.6060606060606061,12.288078224056326,80%,11.695285008367744,11.249475130285491
19,0.6060606060606061,12.66990285181724,90%,11.695285008367744,10.822428871859811
20,0.6060606060606061,13.045789763376211,99%,11.695285008367744,10.767599544883636
21,0.7070707070707071,12.505782575687464,80%,11.918274703605451,11.475960705812517
22,0.7070707070707071,12.88292864264957,90%,11.918274703605451,11.05001237221719
23,0.7070707070707071,13.25605686038306,99%,11.918274703605451,10.995532080297846
24,0.8080808080808081,12.7275277900466,80%,12.145639711229574,11.706450164909956
25,0.8080808080808081,13.09826535032039,90%,12.145639711229574,11.292417668159986
26,0.8080808080808081,13.470654311603704,99%,12.145639711229574,11.22405613822467
27,0.9090909090909092,12.95314925323942,80%,12.37828040915063,11.942795709680349
28,0.9090909090909092,13.315949384802533,90%,12.37828040915063,11.525623992326622
29,0.9090909090909092,13.688828961073988,99%,12.37828040915063,11.45732969332509
30,1.0101010101010102,13.18180454455076,80%,12.614993739493972,12.18357445567992
31,1.0101010101010102,13.538908274764076,90%,12.614993739493972,11.76349623437975
32,1.0101010101010102,13.90295828536938,99%,12.614993739493972,11.69545145610305
33,1.1111111111111112,13.4145119786351,80%,12.857082929955643,12.428702134982114
34,1.1111111111111112,13.76965780255168,90%,12.857082929955643,12.006587805997588
35,1.1111111111111112,14.119182416505788,99%,12.857082929955643,11.938522188598444
36,1.2121212121212122,13.65219164914371,80%,13.10461608000109,12.678757446014306
37,1.2121212121212122,14.003367937901128,90%,13.10461608000109,12.25453410062011
38,1.2121212121212122,14.341526903187807,99%,13.10461608000109,12.186644747024957
39,1.3131313131313131,13.893106004148096,80%,13.356835873514155,12.935151905325982
40,1.3131313131313131,14.23563174610402,90%,13.356835873514155,12.507605462267032
41,1.3131313131313131,14.57315694667642,99%,13.356835873514155,12.439924125293995
42,1.414141414141414,14.140886841254687,80%,13.613219498992716,13.193903662534208
43,1.414141414141414,14.47515656508507,90%,13.613219498992716,12.765898783908094
44,1.414141414141414,14.807033877137386,99%,13.613219498992716,12.697843168633796
45,1.5151515151515151,14.392177841575208,80%,13.8731821467609,13.457738336337092
46,1.5151515151515151,14.719334361718778,90%,13.8731821467609,13.02952609535285
47,1.5151515151515151,15.033181770135496,99%,13.8731821467609,12.96216938636609
48,1.616161616161616,14.64811259013829,80%,14.138573541499095,13.725528557852774
49,1.616161616161616,14.96383007627994,90%,14.138573541499095,13.300314253560158
50,1.616161616161616,15.2682235981604,99%,14.138573541499095,13.23177941698896
51,1.7171717171717171,14.908162357369322,80%,14.410100902331305,13.999503349037044
52,1.7171717171717171,15.214385300778448,90%,14.410100902331305,13.577979551188683
53,1.7171717171717171,15.508093338367797,99%,14.410100902331305,13.506775876966126
54,1.818181818181818,15.177290934970816,80%,14.687064838904138,14.27887690998124
55,1.818181818181818,15.475729869882487,90%,14.687064838904138,13.85523030666575
56,1.818181818181818,15.755225868799638,99%,14.687064838904138,13.787488087523592
57,1.9191919191919191,15.448816414085936,80%,14.968195352699238,14.562746024451611
58,1.9191919191919191,15.736886775005338,90%,14.968195352699238,14.14431622024524
59,1.9191919191919191,16.01190274461813,99%,14.968195352699238,14.07403763725143
60,2.0202020202020203,15.724792377875591,80%,15.254367758785753,14.852337349336706
61,2.0202020202020203,16.004382864876195,90%,15.254367758785753,14.436248547980844
62,2.0202020202020203,16.268064514627014,99%,15.254367758785753,14.366542633434886
63,2.121212121212121,16.008372158786315,80%,15.543672018474624,15.14569991119781
64,2.121212121212121,16.28278580871676,90%,15.543672018474624,14.729634133987474
65,2.121212121212121,16.53946754379578,99%,15.543672018474624,14.665126849933154
66,2.2222222222222223,16.301788922199925,80%,15.842644221425129,15.447151924375724
67,2.2222222222222223,16.566892752748984,90%,15.842644221425129,15.033814349657275
68,2.2222222222222223,16.814848467218578,99%,15.842644221425129,14.969916633035368
69,2.323232323232323,16.59398132203616,80%,16.146028990867926,15.75283666936619
70,2.323232323232323,16.857865785347066,90%,16.146028990867926,15.344750338474444
71,2.323232323232323,17.10468674276106,99%,16.146028990867926,15.28104095492418
72,2.4242424242424243,16.8969304156813,80%,16.45297346470252,16.062121173726773
73,2.4242424242424243,17.152435608875187,90%,16.45297346470252,15.661149288126431
74,2.4242424242424243,17.413237742169958,99%,16.45297346470252,15.600134694203474
75,2.525252525252525,17.206523566445583,80%,16.76467343664224,16.37812174528902
76,2.525252525252525,17.45041676009192,90%,16.76467343664224,15.98456613098658
77,2.525252525252525,17.736216800448712,99%,16.76467343664224,15.925621871779118
78,2.6262626262626263,17.51723813481551,80%,17.083769482771686,16.700222719321346
79,2.6262626262626263,17.764072273389818,90%,17.083769482771686,16.314661823037245
80,2.6262626262626263,18.066331031049245,99%,17.083769482771686,16.256860090797858
81,2.727272727272727,17.838438670523924,80%,17.410831344369733,17.027796539393044
82,2.727272727272727,18.09082044292145,90%,17.410831344369733,16.64383797554557
83,2.727272727272727,18.4135031128974,99%,17.410831344369733,16.591549815796007
84,2.8282828282828283,18.161533375420458,80%,17.738299077522512,17.362094679925114
85,2.8282828282828283,18.41921170333929,90%,17.738299077522512,16.977563592019404
86,2.8282828282828283,18.80895515994554,99%,17.738299077522512,16.93283416459907
87,2.929292929292929,18.491363076773187,80%,18.076060674268497,17.702965399745967
88,2.929292929292929,18.75442564482862,90%,18.076060674268497,17.324666293531614
89,2.929292929292929,19.208193090852923,99%,18.076060674268497,17.27682339430787
90,3.0303030303030303,18.8296546746182,80%,18.419090077333472,18.04954545457449
91,3.0303030303030303,19.10361607662086,90%,18.419090077333472,17.673657102517254
92,3.0303030303030303,19.637596911719328,99%,18.419090077333472,17.62494754553402
93,3.131313131313131,19.17706814560795,80%,18.76758445824925,18.401538549628185
94,3.131313131313131,19.46857066156155,90%,18.76758445824925,18.039583440247632
95,3.131313131313131,20.097440824456903,99%,18.76758445824925,17.982551046170148
96,3.2323232323232323,19.52897269144836,80%,19.123420618880807,18.760709234593687
97,3.2323232323232323,19.823987552252262,90%,19.123420618880807,18.390043177241044
98,3.2323232323232323,20.547153758884185,99%,19.123420618880807,18.34667873899808
99,3.333333333333333,19.89040814494775,80%,19.485597542368357,19.12662706409588
100,3.333333333333333,20.20096331741809,90%,19.485597542368357,18.753980056712862
101,3.333333333333333,21.041532927962187,99%,19.485597542368357,18.698663710349408
102,3.4343434343434343,20.25875391348505,80%,19.853252877773254,19.49681871566072
103,3.4343434343434343,20.591599130639366,90%,19.853252877773254,19.10240586793134
104,3.4343434343434343,21.514857691168903,99%,19.853252877773254,19.06093179923888
105,3.5353535353535355,20.63503308225212,80%,20.22720577893936,19.87402025211862
106,3.5353535353535355,20.98743700741893,90%,20.22720577893936,19.466839982127297
107,3.5353535353535355,22.016822424181303,99%,20.22720577893936,19.400471535269016
108,3.636363636363636,21.016832066629064,80%,20.607941371589515,20.25807139041019
109,3.636363636363636,21.40227929813091,90%,20.607941371589515,19.82711901859744
110,3.636363636363636,22.54537367609095,99%,20.607941371589515,19.72241560020664
111,3.7373737373737375,21.406753419713358,80%,20.99947513505885,20.644138185783955
112,3.7373737373737375,21.8371484682572,90%,20.99947513505885,20.184565692912912
113,3.7373737373737375,23.06737943288531,99%,20.99947513505885,20.087174236638607
114,3.8383838383838382,21.808763484301195,80%,21.39782121538888,21.03660936995318
115,3.8383838383838382,22.28128008539808,90%,21.39782121538888,20.54991545363792
116,3.8383838383838382,23.59730854805335,99%,21.39782121538888,20.446194563519327
117,3.939393939393939,22.218719758601807,80%,21.804523415023063,21.43594659299309
118,3.939393939393939,22.73409547014166,90%,21.804523415023063,20.895764269906675
119,3.939393939393939,24.1220889854762,99%,21.804523415023063,20.78327886910621
120,4.040404040404041,22.641300222726155,80%,22.21817207819706,21.84122562030469
121,4.040404040404041,23.199350237401397,90%,22.21817207819706,21.28026165018468
122,4.040404040404041,24.696180262163672,99%,22.21817207819706,21.149772675662117
123,4.141414141414141,23.07864009097641,80%,22.638235116829144,22.25042493796323
124,4.141414141414141,23.673097521225166,90%,22.638235116829144,21.644013146135475
125,4.141414141414141,25.252543989331272,99%,22.638235116829144,21.52164341390748
126,4.242424242424242,23.523626039141146,80%,23.06843594516845,22.667317833309948
127,4.242424242424242,24.156783805575053,90%,23.06843594516845,21.996449585858336
128,4.242424242424242,25.831705739156668,99%,23.06843594516845,21.86289270944056
129,4.343434343434343,23.9759633307222,80%,23.50583149429485,23.094872766372397
130,4.343434343434343,24.64392158291168,90%,23.50583149429485,22.35224857810336
131,4.343434343434343,26.435627935839737,99%,23.50583149429485,22.205865631383865
132,4.444444444444445,24.43727635561984,80%,23.95213378352274,23.529739366243557
133,4.444444444444445,25.14065657974733,90%,23.95213378352274,22.713594195607357
134,4.444444444444445,27.053576411020494,99%,23.95213378352274,22.56667771816652
135,4.545454545454545,24.91158217960332,80%,24.41022560475271,23.965740089901796
136,4.545454545454545,25.652921051550397,90%,24.41022560475271,23.09386244995596
137,4.545454545454545,27.68596980496543,99%,24.41022560475271,22.93336613400851
138,4.646464646464646,25.39367656778673,80%,24.87353224574132,24.403748285682997
139,4.646464646464646,26.18041263668254,90%,24.87353224574132,23.47290618100729
140,4.646464646464646,28.343080095787023,99%,24.87353224574132,23.30301138265812
141,4.747474747474747,25.889185924835285,80%,25.34629164237544,24.84654204983766
142,4.747474747474747,26.72534671748088,90%,25.34629164237544,23.83402978078781
143,4.747474747474747,28.999826484932157,99%,25.34629164237544,23.620928685406263
144,4.848484848484849,26.39167546540296,80%,25.82935959221799,25.2974042332072
145,4.848484848484849,27.28032204538969,90%,25.82935959221799,24.201014635287297
146,4.848484848484849,29.691099820505816,99%,25.82935959221799,23.98130230431538
147,4.94949494949495,26.90804956933216,80%,26.3221833681503,25.755934785541022
148,4.94949494949495,27.838471631647543,90%,26.3221833681503,24.5778247125403
149,4.94949494949495,30.398753568289678,99%,26.3221833681503,24.35378051014101
150,5.05050505050505,27.431114499732697,80%,26.82513139790494,26.225463456289702
151,5.05050505050505,28.39979813049219,90%,26.82513139790494,24.97426598975196
152,5.05050505050505,31.10644501601427,99%,26.82513139790494,24.7108824114275
